,PassengerId,Survived,Pclass,Name,Sex,Age,SibSp,Parch,Ticket,Fare,Cabin,Embarked
0,1.0,0.0,3.0,"Braund, Mr. Owen Harris",male,22.0,1.0,0.0,A/5 21171,7.25,,S
1,2.0,1.0,1.0,"Cumings, Mrs. John Bradley (Florence Briggs Thayer)",female,38.0,1.0,0.0,PC 17599,71.2833,C85,C
2,3.0,1.0,3.0,"Heikkinen, Miss. Laina",female,26.0,0.0,0.0,STON/O2. 3101282,7.925,,S
3,4.0,1.0,1.0,"Futrelle, Mrs. Jacques Heath (Lily May Peel)",female,35.0,1.0,0.0,113803,53.1,C123,S
4,5.0,0.0,3.0,"Allen, Mr. William Henry",male,35.0,0.0,0.0,373450,8.05,,S
5,6.0,0.0,3.0,"Moran, Mr. James",male,,0.0,0.0,330877,8.4583,,Q
6,7.0,0.0,1.0,"McCarthy, Mr. Timothy J",male,54.0,0.0,0.0,17463,51.8625,E46,S
7,8.0,0.0,3.0,"Palsson, Master. Gosta Leonard",male,2.0,3.0,1.0,349909,21.075,,S
8,9.0,1.0,3.0,"Johnson, Mrs. Oscar W (Elisabeth Vilhelmina Berg)",female,27.0,0.0,2.0,347742,11.1333,,S
9,10.0,1.0,2.0,"Nasser, Mrs. Nicholas (Adele Achem)",female,14.0,1.0,0.0,237736,30.0708,,C
10,11.0,1.0,3.0,"Sandstrom, Miss. Marguerite Rut",female,4.0,1.0,1.0,PP 9549,16.7,G6,S
11,12.0,1.0,1.0,"Bonnell, Miss. Elizabeth",female,58.0,0.0,0.0,113783,26.55,C103,S
12,13.0,0.0,3.0,"Saundercock, Mr. William Henry",male,20.0,0.0,0.0,A/5. 2151,8.05,,S
13,14.0,0.0,3.0,"Andersson, Mr. Anders Johan",male,39.0,1.0,5.0,347082,31.275,,S
14,15.0,0.0,3.0,"Vestrom, Miss. Hulda Amanda Adolfina",female,14.0,0.0,0.0,350406,7.8542,,S
15,16.0,1.0,2.0,"Hewlett, Mrs. (Mary D Kingcome) ",female,55.0,0.0,0.0,248706,16.0,,S
16,17.0,0.0,3.0,"Rice, Master. Eugene",male,2.0,4.0,1.0,382652,29.125,,Q
17,18.0,1.0,2.0,"Williams, Mr. Charles Eugene",male,,0.0,0.0,244373,13.0,,S
18,19.0,0.0,3.0,"Vander Planke, Mrs. Julius (Emelia Maria Vandemoortele)",female,31.0,1.0,0.0,345763,18.0,,S
19,20.0,1.0,3.0,"Masselmani, Mrs. Fatima",female,,0.0,0.0,2649,7.225,,C
20,21.0,0.0,2.0,"Fynney, Mr. Joseph J",male,35.0,0.0,0.0,239865,26.0,,S
21,22.0,1.0,2.0,"Beesley, Mr. Lawrence",male,34.0,0.0,0.0,248698,13.0,D56,S
22,23.0,1.0,3.0,"McGowan, Miss. Anna ""Annie""",female,15.0,0.0,0.0,330923,8.0292,,Q
23,24.0,1.0,1.0,"Sloper, Mr. William Thompson",male,28.0,0.0,0.0,113788,35.5,A6,S
24,25.0,0.0,3.0,"Palsson, Miss. Torborg Danira",female,8.0,3.0,1.0,349909,21.075,,S
25,26.0,1.0,3.0,"Asplund, Mrs. Carl Oscar (Selma Augusta Emilia Johansson)",female,38.0,1.0,5.0,347077,31.3875,,S
26,27.0,0.0,3.0,"Emir, Mr. Farred Chehab",male,,0.0,0.0,2631,7.225,,C
27,28.0,0.0,1.0,"Fortune, Mr. Charles Alexander",male,19.0,3.0,2.0,19950,263.0,C23 C25 C27,S
28,29.0,1.0,3.0,"O'Dwyer, Miss. Ellen ""Nellie""",female,,0.0,0.0,330959,7.8792,,Q
29,30.0,0.0,3.0,"Todoroff, Mr. Lalio",male,,0.0,0.0,349216,7.8958,,S
30,31.0,0.0,1.0,"Uruchurtu, Don. Manuel E",male,40.0,0.0,0.0,PC 17601,27.7208,,C
31,32.0,1.0,1.0,"Spencer, Mrs. William Augustus (Marie Eugenie)",female,,1.0,0.0,PC 17569,146.5208,B78,C
32,33.0,1.0,3.0,"Glynn, Miss. Mary Agatha",female,,0.0,0.0,335677,7.75,,Q
33,34.0,0.0,2.0,"Wheadon, Mr. Edward H",male,66.0,0.0,0.0,C.A. 24579,10.5,,S
34,35.0,0.0,1.0,"Meyer, Mr. Edgar Joseph",male,28.0,1.0,0.0,PC 17604,82.1708,,C
35,36.0,0.0,1.0,"Holverson, Mr. Alexander Oskar",male,42.0,1.0,0.0,113789,52.0,,S
36,37.0,1.0,3.0,"Mamee, Mr. Hanna",male,,0.0,0.0,2677,7.2292,,C
37,38.0,0.0,3.0,"Cann, Mr. Ernest Charles",male,21.0,0.0,0.0,A./5. 2152,8.05,,S
38,39.0,0.0,3.0,"Vander Planke, Miss. Augusta Maria",female,18.0,2.0,0.0,345764,18.0,,S
39,40.0,1.0,3.0,"Nicola-Yarred, Miss. Jamila",female,14.0,1.0,0.0,2651,11.2417,,C
40,41.0,0.0,3.0,"Ahlin, Mrs. Johan (Johanna Persdotter Larsson)",female,40.0,1.0,0.0,7546,9.475,,S
41,42.0,0.0,2.0,"Turpin, Mrs. William John Robert (Dorothy Ann Wonnacott)",female,27.0,1.0,0.0,11668,21.0,,S
42,43.0,0.0,3.0,"Kraeff, Mr. Theodor",male,,0.0,0.0,349253,7.8958,,C
43,44.0,1.0,2.0,"Laroche, Miss. Simonne Marie Anne Andree",female,3.0,1.0,2.0,SC/Paris 2123,41.5792,,C
44,45.0,1.0,3.0,"Devaney, Miss. Margaret Delia",female,19.0,0.0,0.0,330958,7.8792,,Q
45,46.0,0.0,3.0,"Rogers, Mr. William John",male,,0.0,0.0,S.C./A.4. 23567,8.05,,S
46,47.0,0.0,3.0,"Lennon, Mr. Denis",male,,1.0,0.0,370371,15.5,,Q
47,48.0,1.0,3.0,"O'Driscoll, Miss. Bridget",female,,0.0,0.0,14311,7.75,,Q
48,49.0,0.0,3.0,"Samaan, Mr. Youssef",male,,2.0,0.0,2662,21.6792,,C
49,50.0,0.0,3.0,"Arnold-Franchi, Mrs. Josef (Josefine Franchi)",female,18.0,1.0,0.0,349237,17.8,,S
50,51.0,0.0,3.0,"Panula, Master. Juha Niilo",male,7.0,4.0,1.0,3101295,39.6875,,S
51,52.0,0.0,3.0,"Nosworthy, Mr. Richard Cater",male,21.0,0.0,0.0,A/4. 39886,7.8,,S
52,53.0,1.0,1.0,"Harper, Mrs. Henry Sleeper (Myna Haxtun)",female,49.0,1.0,0.0,PC 17572,76.7292,D33,C
53,54.0,1.0,2.0,"Faunthorpe, Mrs. Lizzie (Elizabeth Anne Wilkinson)",female,29.0,1.0,0.0,2926,26.0,,S
54,55.0,0.0,1.0,"Ostby, Mr. Engelhart Cornelius",male,65.0,0.0,1.0,113509,61.9792,B30,C
55,56.0,1.0,1.0,"Woolner, Mr. Hugh",male,,0.0,0.0,19947,35.5,C52,S
56,57.0,1.0,2.0,"Rugg, Miss. Emily",female,21.0,0.0,0.0,C.A. 31026,10.5,,S
57,58.0,0.0,3.0,"Novel, Mr. Mansouer",male,28.5,0.0,0.0,2697,7.2292,,C
58,59.0,1.0,2.0,"West, Miss. Constance Mirium",female,5.0,1.0,2.0,C.A. 34651,27.75,,S
59,60.0,0.0,3.0,"Goodwin, Master. William Frederick",male,11.0,5.0,2.0,CA 2144,46.9,,S
60,61.0,0.0,3.0,"Sirayanian, Mr. Orsen",male,22.0,0.0,0.0,2669,7.2292,,C
61,62.0,1.0,1.0,"Icard, Miss. Amelie",female,38.0,0.0,0.0,113572,80.0,B28,
62,63.0,0.0,1.0,"Harris, Mr. Henry Birkhardt",male,45.0,1.0,0.0,36973,83.475,C83,S
63,64.0,0.0,3.0,"Skoog, Master. Harald",male,4.0,3.0,2.0,347088,27.9,,S
64,65.0,0.0,1.0,"Stewart, Mr. Albert A",male,,0.0,0.0,PC 17605,27.7208,,C
65,66.0,1.0,3.0,"Moubarek, Master. Gerios",male,,1.0,1.0,2661,15.2458,,C
66,67.0,1.0,2.0,"Nye, Mrs. (Elizabeth Ramell)",female,29.0,0.0,0.0,C.A. 29395,10.5,F33,S
67,68.0,0.0,3.0,"Crease, Mr. Ernest James",male,19.0,0.0,0.0,S.P. 3464,8.1583,,S
68,69.0,1.0,3.0,"Andersson, Miss. Erna Alexandra",female,17.0,4.0,2.0,3101281,7.925,,S
69,70.0,0.0,3.0,"Kink, Mr. Vincenz",male,26.0,2.0,0.0,315151,8.6625,,S
70,71.0,0.0,2.0,"Jenkin, Mr. Stephen Curnow",male,32.0,0.0,0.0,C.A. 33111,10.5,,S
71,72.0,0.0,3.0,"Goodwin, Miss. Lillian Amy",female,16.0,5.0,2.0,CA 2144,46.9,,S
72,73.0,0.0,2.0,"Hood, Mr. Ambrose Jr",male,21.0,0.0,0.0,S.O.C. 14879,73.5,,S
73,74.0,0.0,3.0,"Chronopoulos, Mr. Apostolos",male,26.0,1.0,0.0,2680,14.4542,,C
74,75.0,1.0,3.0,"Bing, Mr. Lee",male,32.0,0.0,0.0,1601,56.4958,,S
75,76.0,0.0,3.0,"Moen, Mr. Sigurd Hansen",male,25.0,0.0,0.0,348123,7.65,F G73,S
76,77.0,0.0,3.0,"Staneff, Mr. Ivan",male,,0.0,0.0,349208,7.8958,,S
77,78.0,0.0,3.0,"Moutal, Mr. Rahamin Haim",male,,0.0,0.0,374746,8.05,,S
78,79.0,1.0,2.0,"Caldwell, Master. Alden Gates",male,0.83,0.0,2.0,248738,29.0,,S
79,80.0,1.0,3.0,"Dowdell, Miss. Elizabeth",female,30.0,0.0,0.0,364516,12.475,,S
80,81.0,0.0,3.0,"Waelens, Mr. Achille",male,22.0,0.0,0.0,345767,9.0,,S
81,82.0,1.0,3.0,"Sheerlinck, Mr. Jan Baptist",male,29.0,0.0,0.0,345779,9.5,,S
82,83.0,1.0,3.0,"McDermott, Miss. Brigdet Delia",female,,0.0,0.0,330932,7.7875,,Q
83,84.0,0.0,1.0,"Carrau, Mr. Francisco M",male,28.0,0.0,0.0,113059,47.1,,S
84,85.0,1.0,2.0,"Ilett, Miss. Bertha",female,17.0,0.0,0.0,SO/C 14885,10.5,,S
85,86.0,1.0,3.0,"Backstrom, Mrs. Karl Alfred (Maria Mathilda Gustafsson)",female,33.0,3.0,0.0,3101278,15.85,,S
86,87.0,0.0,3.0,"Ford, Mr. William Neal",male,16.0,1.0,3.0,W./C. 6608,34.375,,S
87,88.0,0.0,3.0,"Slocovski, Mr. Selman Francis",male,,0.0,0.0,SOTON/OQ 392086,8.05,,S
88,89.0,1.0,1.0,"Fortune, Miss. Mabel Helen",female,23.0,3.0,2.0,19950,263.0,C23 C25 C27,S
89,90.0,0.0,3.0,"Celotti, Mr. Francesco",male,24.0,0.0,0.0,343275,8.05,,S
90,91.0,0.0,3.0,"Christmann, Mr. Emil",male,29.0,0.0,0.0,343276,8.05,,S
91,92.0,0.0,3.0,"Andreasson, Mr. Paul Edvin",male,20.0,0.0,0.0,347466,7.8542,,S
92,93.0,0.0,1.0,"Chaffee, Mr. Herbert Fuller",male,46.0,1.0,0.0,W.E.P. 5734,61.175,E31,S
93,94.0,0.0,3.0,"Dean, Mr. Bertram Frank",male,26.0,1.0,2.0,C.A. 2315,20.575,,S
94,95.0,0.0,3.0,"Coxon, Mr. Daniel",male,59.0,0.0,0.0,364500,7.25,,S
95,96.0,0.0,3.0,"Shorney, Mr. Charles Joseph",male,,0.0,0.0,374910,8.05,,S
96,97.0,0.0,1.0,"Goldschmidt, Mr. George B",male,71.0,0.0,0.0,PC 17754,34.6542,A5,C
97,98.0,1.0,1.0,"Greenfield, Mr. William Bertram",male,23.0,0.0,1.0,PC 17759,63.3583,D10 D12,C
98,99.0,1.0,2.0,"Doling, Mrs. John T (Ada Julia Bone)",female,34.0,0.0,1.0,231919,23.0,,S
99,100.0,0.0,2.0,"Kantor, Mr. Sinai",male,34.0,1.0,0.0,244367,26.0,,S
100,101.0,0.0,3.0,"Petranec, Miss. Matilda",female,28.0,0.0,0.0,349245,7.8958,,S
101,102.0,0.0,3.0,"Petroff, Mr. Pastcho (""Pentcho"")",male,,0.0,0.0,349215,7.8958,,S
102,103.0,0.0,1.0,"White, Mr. Richard Frasar",male,21.0,0.0,1.0,35281,77.2875,D26,S
103,104.0,0.0,3.0,"Johansson, Mr. Gustaf Joel",male,33.0,0.0,0.0,7540,8.6542,,S
104,105.0,0.0,3.0,"Gustafsson, Mr. Anders Vilhelm",male,37.0,2.0,0.0,3101276,7.925,,S
105,106.0,0.0,3.0,"Mionoff, Mr. Stoytcho",male,28.0,0.0,0.0,349207,7.8958,,S
106,107.0,1.0,3.0,"Salkjelsvik, Miss. Anna Kristine",female,21.0,0.0,0.0,343120,7.65,,S
107,108.0,1.0,3.0,"Moss, Mr. Albert Johan",male,,0.0,0.0,312991,7.775,,S
108,109.0,0.0,3.0,"Rekic, Mr. Tido",male,38.0,0.0,0.0,349249,7.8958,,S
109,110.0,1.0,3.0,"Moran, Miss. Bertha",female,,1.0,0.0,371110,24.15,,Q
110,111.0,0.0,1.0,"Porter, Mr. Walter Chamberlain",male,47.0,0.0,0.0,110465,52.0,C110,S
111,112.0,0.0,3.0,"Zabour, Miss. Hileni",female,14.5,1.0,0.0,2665,14.4542,,C
112,113.0,0.0,3.0,"Barton, Mr. David John",male,22.0,0.0,0.0,324669,8.05,,S
113,114.0,0.0,3.0,"Jussila, Miss. Katriina",female,20.0,1.0,0.0,4136,9.825,,S
114,115.0,0.0,3.0,"Attalah, Miss. Malake",female,17.0,0.0,0.0,2627,14.4583,,C
115,116.0,0.0,3.0,"Pekoniemi, Mr. Edvard",male,21.0,0.0,0.0,STON/O 2. 3101294,7.925,,S
116,117.0,0.0,3.0,"Connors, Mr. Patrick",male,70.5,0.0,0.0,370369,7.75,,Q
117,118.0,0.0,2.0,"Turpin, Mr. William John Robert",male,29.0,1.0,0.0,11668,21.0,,S
118,119.0,0.0,1.0,"Baxter, Mr. Quigg Edmond",male,24.0,0.0,1.0,PC 17558,247.5208,B58 B60,C
119,120.0,0.0,3.0,"Andersson, Miss. Ellis Anna Maria",female,2.0,4.0,2.0,347082,31.275,,S
120,121.0,0.0,2.0,"Hickman, Mr. Stanley George",male,21.0,2.0,0.0,S.O.C. 14879,73.5,,S
121,122.0,0.0,3.0,"Moore, Mr. Leonard Charles",male,,0.0,0.0,A4. 54510,8.05,,S
122,123.0,0.0,2.0,"Nasser, Mr. Nicholas",male,32.5,1.0,0.0,237736,30.0708,,C
123,124.0,1.0,2.0,"Webber, Miss. Susan",female,32.5,0.0,0.0,27267,13.0,E101,S
124,125.0,0.0,1.0,"White, Mr. Percival Wayland",male,54.0,0.0,1.0,35281,77.2875,D26,S
125,126.0,1.0,3.0,"Nicola-Yarred, Master. Elias",male,12.0,1.0,0.0,2651,11.2417,,C
126,127.0,0.0,3.0,"McMahon, Mr. Martin",male,,0.0,0.0,370372,7.75,,Q
127,128.0,1.0,3.0,"Madsen, Mr. Fridtjof Arne",male,24.0,0.0,0.0,C 17369,7.1417,,S
128,129.0,1.0,3.0,"Peter, Miss. Anna",female,,1.0,1.0,2668,22.3583,F E69,C
129,130.0,0.0,3.0,"Ekstrom, Mr. Johan",male,45.0,0.0,0.0,347061,6.975,,S
130,131.0,0.0,3.0,"Drazenoic, Mr. Jozef",male,33.0,0.0,0.0,349241,7.8958,,C
131,132.0,0.0,3.0,"Coelho, Mr. Domingos Fernandeo",male,20.0,0.0,0.0,SOTON/O.Q. 3101307,7.05,,S
132,133.0,0.0,3.0,"Robins, Mrs. Alexander A (Grace Charity Laury)",female,47.0,1.0,0.0,A/5. 3337,14.5,,S
133,134.0,1.0,2.0,"Weisz, Mrs. Leopold (Mathilde Francoise Pede)",female,29.0,1.0,0.0,228414,26.0,,S
134,135.0,0.0,2.0,"Sobey, Mr. Samuel James Hayden",male,25.0,0.0,0.0,C.A. 29178,13.0,,S
135,136.0,0.0,2.0,"Richard, Mr. Emile",male,23.0,0.0,0.0,SC/PARIS 2133,15.0458,,C
136,137.0,1.0,1.0,"Newsom, Miss. Helen Monypeny",female,19.0,0.0,2.0,11752,26.2833,D47,S
137,138.0,0.0,1.0,"Futrelle, Mr. Jacques Heath",male,37.0,1.0,0.0,113803,53.1,C123,S
138,139.0,0.0,3.0,"Osen, Mr. Olaf Elon",male,16.0,0.0,0.0,7534,9.2167,,S
139,140.0,0.0,1.0,"Giglio, Mr. Victor",male,24.0,0.0,0.0,PC 17593,79.2,B86,C
140,141.0,0.0,3.0,"Boulos, Mrs. Joseph (Sultana)",female,,0.0,2.0,2678,15.2458,,C
141,142.0,1.0,3.0,"Nysten, Miss. Anna Sofia",female,22.0,0.0,0.0,347081,7.75,,S
142,143.0,1.0,3.0,"Hakkarainen, Mrs. Pekka Pietari (Elin Matilda Dolck)",female,24.0,1.0,0.0,STON/O2. 3101279,15.85,,S
143,144.0,0.0,3.0,"Burke, Mr. Jeremiah",male,19.0,0.0,0.0,365222,6.75,,Q
144,145.0,0.0,2.0,"Andrew, Mr. Edgardo Samuel",male,18.0,0.0,0.0,231945,11.5,,S
145,146.0,0.0,2.0,"Nicholls, Mr. Joseph Charles",male,19.0,1.0,1.0,C.A. 33112,36.75,,S
146,147.0,1.0,3.0,"Andersson, Mr. August Edvard (""Wennerstrom"")",male,27.0,0.0,0.0,350043,7.7958,,S
147,148.0,0.0,3.0,"Ford, Miss. Robina Maggie ""Ruby""",female,9.0,2.0,2.0,W./C. 6608,34.375,,S
148,149.0,0.0,2.0,"Navratil, Mr. Michel (""Louis M Hoffman"")",male,36.5,0.0,2.0,230080,26.0,F2,S
149,150.0,0.0,2.0,"Byles, Rev. Thomas Roussel Davids",male,42.0,0.0,0.0,244310,13.0,,S
150,151.0,0.0,2.0,"Bateman, Rev. Robert James",male,51.0,0.0,0.0,S.O.P. 1166,12.525,,S
151,152.0,1.0,1.0,"Pears, Mrs. Thomas (Edith Wearne)",female,22.0,1.0,0.0,113776,66.6,C2,S
152,153.0,0.0,3.0,"Meo, Mr. Alfonzo",male,55.5,0.0,0.0,A.5. 11206,8.05,,S
153,154.0,0.0,3.0,"van Billiard, Mr. Austin Blyler",male,40.5,0.0,2.0,A/5. 851,14.5,,S
154,155.0,0.0,3.0,"Olsen, Mr. Ole Martin",male,,0.0,0.0,Fa 265302,7.3125,,S
155,156.0,0.0,1.0,"Williams, Mr. Charles Duane",male,51.0,0.0,1.0,PC 17597,61.3792,,C
156,157.0,1.0,3.0,"Gilnagh, Miss. Katherine ""Katie""",female,16.0,0.0,0.0,35851,7.7333,,Q
157,158.0,0.0,3.0,"Corn, Mr. Harry",male,30.0,0.0,0.0,SOTON/OQ 392090,8.05,,S
158,159.0,0.0,3.0,"Smiljanic, Mr. Mile",male,,0.0,0.0,315037,8.6625,,S
159,160.0,0.0,3.0,"Sage, Master. Thomas Henry",male,,8.0,2.0,CA. 2343,69.55,,S
160,161.0,0.0,3.0,"Cribb, Mr. John Hatfield",male,44.0,0.0,1.0,371362,16.1,,S
161,162.0,1.0,2.0,"Watt, Mrs. James (Elizabeth ""Bessie"" Inglis Milne)",female,40.0,0.0,0.0,C.A. 33595,15.75,,S
162,163.0,0.0,3.0,"Bengtsson, Mr. John Viktor",male,26.0,0.0,0.0,347068,7.775,,S
163,164.0,0.0,3.0,"Calic, Mr. Jovo",male,17.0,0.0,0.0,315093,8.6625,,S
164,165.0,0.0,3.0,"Panula, Master. Eino Viljami",male,1.0,4.0,1.0,3101295,39.6875,,S
165,166.0,1.0,3.0,"Goldsmith, Master. Frank John William ""Frankie""",male,9.0,0.0,2.0,363291,20.525,,S
166,167.0,1.0,1.0,"Chibnall, Mrs. (Edith Martha Bowerman)",female,,0.0,1.0,113505,55.0,E33,S
167,168.0,0.0,3.0,"Skoog, Mrs. William (Anna Bernhardina Karlsson)",female,45.0,1.0,4.0,347088,27.9,,S
168,169.0,0.0,1.0,"Baumann, Mr. John D",male,,0.0,0.0,PC 17318,25.925,,S
169,170.0,0.0,3.0,"Ling, Mr. Lee",male,28.0,0.0,0.0,1601,56.4958,,S
170,171.0,0.0,1.0,"Van der hoef, Mr. Wyckoff",male,61.0,0.0,0.0,111240,33.5,B19,S
171,172.0,0.0,3.0,"Rice, Master. Arthur",male,4.0,4.0,1.0,382652,29.125,,Q
172,173.0,1.0,3.0,"Johnson, Miss. Eleanor Ileen",female,1.0,1.0,1.0,347742,11.1333,,S
173,174.0,0.0,3.0,"Sivola, Mr. Antti Wilhelm",male,21.0,0.0,0.0,STON/O 2. 3101280,7.925,,S
174,175.0,0.0,1.0,"Smith, Mr. James Clinch",male,56.0,0.0,0.0,17764,30.6958,A7,C
175,176.0,0.0,3.0,"Klasen, Mr. Klas Albin",male,18.0,1.0,1.0,350404,7.8542,,S
176,177.0,0.0,3.0,"Lefebre, Master. Henry Forbes",male,,3.0,1.0,4133,25.4667,,S
177,178.0,0.0,1.0,"Isham, Miss. Ann Elizabeth",female,50.0,0.0,0.0,PC 17595,28.7125,C49,C
178,179.0,0.0,2.0,"Hale, Mr. Reginald",male,30.0,0.0,0.0,250653,13.0,,S
179,180.0,0.0,3.0,"Leonard, Mr. Lionel",male,36.0,0.0,0.0,LINE,0.0,,S
180,181.0,0.0,3.0,"Sage, Miss. Constance Gladys",female,,8.0,2.0,CA. 2343,69.55,,S
181,182.0,0.0,2.0,"Pernot, Mr. Rene",male,,0.0,0.0,SC/PARIS 2131,15.05,,C
182,183.0,0.0,3.0,"Asplund, Master. Clarence Gustaf Hugo",male,9.0,4.0,2.0,347077,31.3875,,S
183,184.0,1.0,2.0,"Becker, Master. Richard F",male,1.0,2.0,1.0,230136,39.0,F4,S
184,185.0,1.0,3.0,"Kink-Heilmann, Miss. Luise Gretchen",female,4.0,0.0,2.0,315153,22.025,,S
185,186.0,0.0,1.0,"Rood, Mr. Hugh Roscoe",male,,0.0,0.0,113767,50.0,A32,S
186,187.0,1.0,3.0,"O'Brien, Mrs. Thomas (Johanna ""Hannah"" Godfrey)",female,,1.0,0.0,370365,15.5,,Q
187,188.0,1.0,1.0,"Romaine, Mr. Charles Hallace (""Mr C Rolmane"")",male,45.0,0.0,0.0,111428,26.55,,S
188,189.0,0.0,3.0,"Bourke, Mr. John",male,40.0,1.0,1.0,364849,15.5,,Q
189,190.0,0.0,3.0,"Turcin, Mr. Stjepan",male,36.0,0.0,0.0,349247,7.8958,,S
190,191.0,1.0,2.0,"Pinsky, Mrs. (Rosa)",female,32.0,0.0,0.0,234604,13.0,,S
191,192.0,0.0,2.0,"Carbines, Mr. William",male,19.0,0.0,0.0,28424,13.0,,S
192,193.0,1.0,3.0,"Andersen-Jensen, Miss. Carla Christine Nielsine",female,19.0,1.0,0.0,350046,7.8542,,S
193,194.0,1.0,2.0,"Navratil, Master. Michel M",male,3.0,1.0,1.0,230080,26.0,F2,S
194,195.0,1.0,1.0,"Brown, Mrs. James Joseph (Margaret Tobin)",female,44.0,0.0,0.0,PC 17610,27.7208,B4,C
195,196.0,1.0,1.0,"Lurette, Miss. Elise",female,58.0,0.0,0.0,PC 17569,146.5208,B80,C
196,197.0,0.0,3.0,"Mernagh, Mr. Robert",male,,0.0,0.0,368703,7.75,,Q
197,198.0,0.0,3.0,"Olsen, Mr. Karl Siegwart Andreas",male,42.0,0.0,1.0,4579,8.4042,,S
198,199.0,1.0,3.0,"Madigan, Miss. Margaret ""Maggie""",female,,0.0,0.0,370370,7.75,,Q
199,200.0,0.0,2.0,"Yrois, Miss. Henriette (""Mrs Harbeck"")",female,24.0,0.0,0.0,248747,13.0,,S
200,201.0,0.0,3.0,"Vande Walle, Mr. Nestor Cyriel",male,28.0,0.0,0.0,345770,9.5,,S
201,202.0,0.0,3.0,"Sage, Mr. Frederick",male,,8.0,2.0,CA. 2343,69.55,,S
202,203.0,0.0,3.0,"Johanson, Mr. Jakob Alfred",male,34.0,0.0,0.0,3101264,6.4958,,S
203,204.0,0.0,3.0,"Youseff, Mr. Gerious",male,45.5,0.0,0.0,2628,7.225,,C
204,205.0,1.0,3.0,"Cohen, Mr. Gurshon ""Gus""",male,18.0,0.0,0.0,A/5 3540,8.05,,S
205,206.0,0.0,3.0,"Strom, Miss. Telma Matilda",female,2.0,0.0,1.0,347054,10.4625,G6,S
206,207.0,0.0,3.0,"Backstrom, Mr. Karl Alfred",male,32.0,1.0,0.0,3101278,15.85,,S
207,208.0,1.0,3.0,"Albimona, Mr. Nassef Cassem",male,26.0,0.0,0.0,2699,18.7875,,C
208,209.0,1.0,3.0,"Carr, Miss. Helen ""Ellen""",female,16.0,0.0,0.0,367231,7.75,,Q
209,210.0,1.0,1.0,"Blank, Mr. Henry",male,40.0,0.0,0.0,112277,31.0,A31,C
210,211.0,0.0,3.0,"Ali, Mr. Ahmed",male,24.0,0.0,0.0,SOTON/O.Q. 3101311,7.05,,S
211,212.0,1.0,2.0,"Cameron, Miss. Clear Annie",female,35.0,0.0,0.0,F.C.C. 13528,21.0,,S
212,213.0,0.0,3.0,"Perkin, Mr. John Henry",male,22.0,0.0,0.0,A/5 21174,7.25,,S
213,214.0,0.0,2.0,"Givard, Mr. Hans Kristensen",male,30.0,0.0,0.0,250646,13.0,,S
214,215.0,0.0,3.0,"Kiernan, Mr. Philip",male,,1.0,0.0,367229,7.75,,Q
215,216.0,1.0,1.0,"Newell, Miss. Madeleine",female,31.0,1.0,0.0,35273,113.275,D36,C
216,217.0,1.0,3.0,"Honkanen, Miss. Eliina",female,27.0,0.0,0.0,STON/O2. 3101283,7.925,,S
217,218.0,0.0,2.0,"Jacobsohn, Mr. Sidney Samuel",male,42.0,1.0,0.0,243847,27.0,,S
218,219.0,1.0,1.0,"Bazzani, Miss. Albina",female,32.0,0.0,0.0,11813,76.2917,D15,C
219,220.0,0.0,2.0,"Harris, Mr. Walter",male,30.0,0.0,0.0,W/C 14208,10.5,,S
220,221.0,1.0,3.0,"Sunderland, Mr. Victor Francis",male,16.0,0.0,0.0,SOTON/OQ 392089,8.05,,S
221,222.0,0.0,2.0,"Bracken, Mr. James H",male,27.0,0.0,0.0,220367,13.0,,S
222,223.0,0.0,3.0,"Green, Mr. George Henry",male,51.0,0.0,0.0,21440,8.05,,S
223,224.0,0.0,3.0,"Nenkoff, Mr. Christo",male,,0.0,0.0,349234,7.8958,,S
224,225.0,1.0,1.0,"Hoyt, Mr. Frederick Maxfield",male,38.0,1.0,0.0,19943,90.0,C93,S
225,226.0,0.0,3.0,"Berglund, Mr. Karl Ivar Sven",male,22.0,0.0,0.0,PP 4348,9.35,,S
226,227.0,1.0,2.0,"Mellors, Mr. William John",male,19.0,0.0,0.0,SW/PP 751,10.5,,S
227,228.0,0.0,3.0,"Lovell, Mr. John Hall (""Henry"")",male,20.5,0.0,0.0,A/5 21173,7.25,,S
228,229.0,0.0,2.0,"Fahlstrom, Mr. Arne Jonas",male,18.0,0.0,0.0,236171,13.0,,S
229,230.0,0.0,3.0,"Lefebre, Miss. Mathilde",female,,3.0,1.0,4133,25.4667,,S
230,231.0,1.0,1.0,"Harris, Mrs. Henry Birkhardt (Irene Wallach)",female,35.0,1.0,0.0,36973,83.475,C83,S
231,232.0,0.0,3.0,"Larsson, Mr. Bengt Edvin",male,29.0,0.0,0.0,347067,7.775,,S
232,233.0,0.0,2.0,"Sjostedt, Mr. Ernst Adolf",male,59.0,0.0,0.0,237442,13.5,,S
233,234.0,1.0,3.0,"Asplund, Miss. Lillian Gertrud",female,5.0,4.0,2.0,347077,31.3875,,S
234,235.0,0.0,2.0,"Leyson, Mr. Robert William Norman",male,24.0,0.0,0.0,C.A. 29566,10.5,,S
235,236.0,0.0,3.0,"Harknett, Miss. Alice Phoebe",female,,0.0,0.0,W./C. 6609,7.55,,S
236,237.0,0.0,2.0,"Hold, Mr. Stephen",male,44.0,1.0,0.0,26707,26.0,,S
237,238.0,1.0,2.0,"Collyer, Miss. Marjorie ""Lottie""",female,8.0,0.0,2.0,C.A. 31921,26.25,,S
238,239.0,0.0,2.0,"Pengelly, Mr. Frederick William",male,19.0,0.0,0.0,28665,10.5,,S
239,240.0,0.0,2.0,"Hunt, Mr. George Henry",male,33.0,0.0,0.0,SCO/W 1585,12.275,,S
240,241.0,0.0,3.0,"Zabour, Miss. Thamine",female,,1.0,0.0,2665,14.4542,,C
241,242.0,1.0,3.0,"Murphy, Miss. Katherine ""Kate""",female,,1.0,0.0,367230,15.5,,Q
242,243.0,0.0,2.0,"Coleridge, Mr. Reginald Charles",male,29.0,0.0,0.0,W./C. 14263,10.5,,S
243,244.0,0.0,3.0,"Maenpaa, Mr. Matti Alexanteri",male,22.0,0.0,0.0,STON/O 2. 3101275,7.125,,S
244,245.0,0.0,3.0,"Attalah, Mr. Sleiman",male,30.0,0.0,0.0,2694,7.225,,C
245,246.0,0.0,1.0,"Minahan, Dr. William Edward",male,44.0,2.0,0.0,19928,90.0,C78,Q
246,247.0,0.0,3.0,"Lindahl, Miss. Agda Thorilda Viktoria",female,25.0,0.0,0.0,347071,7.775,,S
247,248.0,1.0,2.0,"Hamalainen, Mrs. William (Anna)",female,24.0,0.0,2.0,250649,14.5,,S
248,249.0,1.0,1.0,"Beckwith, Mr. Richard Leonard",male,37.0,1.0,1.0,11751,52.5542,D35,S
249,250.0,0.0,2.0,"Carter, Rev. Ernest Courtenay",male,54.0,1.0,0.0,244252,26.0,,S
250,251.0,0.0,3.0,"Reed, Mr. James George",male,,0.0,0.0,362316,7.25,,S
251,252.0,0.0,3.0,"Strom, Mrs. Wilhelm (Elna Matilda Persson)",female,29.0,1.0,1.0,347054,10.4625,G6,S
252,253.0,0.0,1.0,"Stead, Mr. William Thomas",male,62.0,0.0,0.0,113514,26.55,C87,S
253,254.0,0.0,3.0,"Lobb, Mr. William Arthur",male,30.0,1.0,0.0,A/5. 3336,16.1,,S
254,255.0,0.0,3.0,"Rosblom, Mrs. Viktor (Helena Wilhelmina)",female,41.0,0.0,2.0,370129,20.2125,,S
255,256.0,1.0,3.0,"Touma, Mrs. Darwis (Hanne Youssef Razi)",female,29.0,0.0,2.0,2650,15.2458,,C
256,257.0,1.0,1.0,"Thorne, Mrs. Gertrude Maybelle",female,,0.0,0.0,PC 17585,79.2,,C
257,258.0,1.0,1.0,"Cherry, Miss. Gladys",female,30.0,0.0,0.0,110152,86.5,B77,S
258,259.0,1.0,1.0,"Ward, Miss. Anna",female,35.0,0.0,0.0,PC 17755,512.3292,,C
259,260.0,1.0,2.0,"Parrish, Mrs. (Lutie Davis)",female,50.0,0.0,1.0,230433,26.0,,S
260,261.0,0.0,3.0,"Smith, Mr. Thomas",male,,0.0,0.0,384461,7.75,,Q
261,262.0,1.0,3.0,"Asplund, Master. Edvin Rojj Felix",male,3.0,4.0,2.0,347077,31.3875,,S
262,263.0,0.0,1.0,"Taussig, Mr. Emil",male,52.0,1.0,1.0,110413,79.65,E67,S
263,264.0,0.0,1.0,"Harrison, Mr. William",male,40.0,0.0,0.0,112059,0.0,B94,S
264,265.0,0.0,3.0,"Henry, Miss. Delia",female,,0.0,0.0,382649,7.75,,Q
265,266.0,0.0,2.0,"Reeves, Mr. David",male,36.0,0.0,0.0,C.A. 17248,10.5,,S
266,267.0,0.0,3.0,"Panula, Mr. Ernesti Arvid",male,16.0,4.0,1.0,3101295,39.6875,,S
267,268.0,1.0,3.0,"Persson, Mr. Ernst Ulrik",male,25.0,1.0,0.0,347083,7.775,,S
268,269.0,1.0,1.0,"Graham, Mrs. William Thompson (Edith Junkins)",female,58.0,0.0,1.0,PC 17582,153.4625,C125,S
269,270.0,1.0,1.0,"Bissette, Miss. Amelia",female,35.0,0.0,0.0,PC 17760,135.6333,C99,S
270,271.0,0.0,1.0,"Cairns, Mr. Alexander",male,,0.0,0.0,113798,31.0,,S
271,272.0,1.0,3.0,"Tornquist, Mr. William Henry",male,25.0,0.0,0.0,LINE,0.0,,S
272,273.0,1.0,2.0,"Mellinger, Mrs. (Elizabeth Anne Maidment)",female,41.0,0.0,1.0,250644,19.5,,S
273,274.0,0.0,1.0,"Natsch, Mr. Charles H",male,37.0,0.0,1.0,PC 17596,29.7,C118,C
274,275.0,1.0,3.0,"Healy, Miss. Hanora ""Nora""",female,,0.0,0.0,370375,7.75,,Q
275,276.0,1.0,1.0,"Andrews, Miss. Kornelia Theodosia",female,63.0,1.0,0.0,13502,77.9583,D7,S
276,277.0,0.0,3.0,"Lindblom, Miss. Augusta Charlotta",female,45.0,0.0,0.0,347073,7.75,,S
277,278.0,0.0,2.0,"Parkes, Mr. Francis ""Frank""",male,,0.0,0.0,239853,0.0,,S
278,279.0,0.0,3.0,"Rice, Master. Eric",male,7.0,4.0,1.0,382652,29.125,,Q
279,280.0,1.0,3.0,"Abbott, Mrs. Stanton (Rosa Hunt)",female,35.0,1.0,1.0,C.A. 2673,20.25,,S
280,281.0,0.0,3.0,"Duane, Mr. Frank",male,65.0,0.0,0.0,336439,7.75,,Q
281,282.0,0.0,3.0,"Olsson, Mr. Nils Johan Goransson",male,28.0,0.0,0.0,347464,7.8542,,S
282,283.0,0.0,3.0,"de Pelsmaeker, Mr. Alfons",male,16.0,0.0,0.0,345778,9.5,,S
283,284.0,1.0,3.0,"Dorking, Mr. Edward Arthur",male,19.0,0.0,0.0,A/5. 10482,8.05,,S
284,285.0,0.0,1.0,"Smith, Mr. Richard William",male,,0.0,0.0,113056,26.0,A19,S
285,286.0,0.0,3.0,"Stankovic, Mr. Ivan",male,33.0,0.0,0.0,349239,8.6625,,C
286,287.0,1.0,3.0,"de Mulder, Mr. Theodore",male,30.0,0.0,0.0,345774,9.5,,S
287,288.0,0.0,3.0,"Naidenoff, Mr. Penko",male,22.0,0.0,0.0,349206,7.8958,,S
288,289.0,1.0,2.0,"Hosono, Mr. Masabumi",male,42.0,0.0,0.0,237798,13.0,,S
289,290.0,1.0,3.0,"Connolly, Miss. Kate",female,22.0,0.0,0.0,370373,7.75,,Q
290,291.0,1.0,1.0,"Barber, Miss. Ellen ""Nellie""",female,26.0,0.0,0.0,19877,78.85,,S
291,292.0,1.0,1.0,"Bishop, Mrs. Dickinson H (Helen Walton)",female,19.0,1.0,0.0,11967,91.0792,B49,C
292,293.0,0.0,2.0,"Levy, Mr. Rene Jacques",male,36.0,0.0,0.0,SC/Paris 2163,12.875,D,C
293,294.0,0.0,3.0,"Haas, Miss. Aloisia",female,24.0,0.0,0.0,349236,8.85,,S
294,295.0,0.0,3.0,"Mineff, Mr. Ivan",male,24.0,0.0,0.0,349233,7.8958,,S
295,296.0,0.0,1.0,"Lewy, Mr. Ervin G",male,,0.0,0.0,PC 17612,27.7208,,C
296,297.0,0.0,3.0,"Hanna, Mr. Mansour",male,23.5,0.0,0.0,2693,7.2292,,C
297,298.0,0.0,1.0,"Allison, Miss. Helen Loraine",female,2.0,1.0,2.0,113781,151.55,C22 C26,S
298,299.0,1.0,1.0,"Saalfeld, Mr. Adolphe",male,,0.0,0.0,19988,30.5,C106,S
299,300.0,1.0,1.0,"Baxter, Mrs. James (Helene DeLaudeniere Chaput)",female,50.0,0.0,1.0,PC 17558,247.5208,B58 B60,C
300,301.0,1.0,3.0,"Kelly, Miss. Anna Katherine ""Annie Kate""",female,,0.0,0.0,9234,7.75,,Q
301,302.0,1.0,3.0,"McCoy, Mr. Bernard",male,,2.0,0.0,367226,23.25,,Q
302,303.0,0.0,3.0,"Johnson, Mr. William Cahoone Jr",male,19.0,0.0,0.0,LINE,0.0,,S
303,304.0,1.0,2.0,"Keane, Miss. Nora A",female,,0.0,0.0,226593,12.35,E101,Q
304,305.0,0.0,3.0,"Williams, Mr. Howard Hugh ""Harry""",male,,0.0,0.0,A/5 2466,8.05,,S
305,306.0,1.0,1.0,"Allison, Master. Hudson Trevor",male,0.92,1.0,2.0,113781,151.55,C22 C26,S
306,307.0,1.0,1.0,"Fleming, Miss. Margaret",female,,0.0,0.0,17421,110.8833,,C
307,308.0,1.0,1.0,"Penasco y Castellana, Mrs. Victor de Satode (Maria Josefa Perez de Soto y Vallejo)",female,17.0,1.0,0.0,PC 17758,108.9,C65,C
308,309.0,0.0,2.0,"Abelson, Mr. Samuel",male,30.0,1.0,0.0,P/PP 3381,24.0,,C
309,310.0,1.0,1.0,"Francatelli, Miss. Laura Mabel",female,30.0,0.0,0.0,PC 17485,56.9292,E36,C
310,311.0,1.0,1.0,"Hays, Miss. Margaret Bechstein",female,24.0,0.0,0.0,11767,83.1583,C54,C
311,312.0,1.0,1.0,"Ryerson, Miss. Emily Borie",female,18.0,2.0,2.0,PC 17608,262.375,B57 B59 B63 B66,C
312,313.0,0.0,2.0,"Lahtinen, Mrs. William (Anna Sylfven)",female,26.0,1.0,1.0,250651,26.0,,S
313,314.0,0.0,3.0,"Hendekovic, Mr. Ignjac",male,28.0,0.0,0.0,349243,7.8958,,S
314,315.0,0.0,2.0,"Hart, Mr. Benjamin",male,43.0,1.0,1.0,F.C.C. 13529,26.25,,S
315,316.0,1.0,3.0,"Nilsson, Miss. Helmina Josefina",female,26.0,0.0,0.0,347470,7.8542,,S
316,317.0,1.0,2.0,"Kantor, Mrs. Sinai (Miriam Sternin)",female,24.0,1.0,0.0,244367,26.0,,S
317,318.0,0.0,2.0,"Moraweck, Dr. Ernest",male,54.0,0.0,0.0,29011,14.0,,S
318,319.0,1.0,1.0,"Wick, Miss. Mary Natalie",female,31.0,0.0,2.0,36928,164.8667,C7,S
319,320.0,1.0,1.0,"Spedden, Mrs. Frederic Oakley (Margaretta Corning Stone)",female,40.0,1.0,1.0,16966,134.5,E34,C
320,321.0,0.0,3.0,"Dennis, Mr. Samuel",male,22.0,0.0,0.0,A/5 21172,7.25,,S
321,322.0,0.0,3.0,"Danoff, Mr. Yoto",male,27.0,0.0,0.0,349219,7.8958,,S
322,323.0,1.0,2.0,"Slayter, Miss. Hilda Mary",female,30.0,0.0,0.0,234818,12.35,,Q
323,324.0,1.0,2.0,"Caldwell, Mrs. Albert Francis (Sylvia Mae Harbaugh)",female,22.0,1.0,1.0,248738,29.0,,S
324,325.0,0.0,3.0,"Sage, Mr. George John Jr",male,,8.0,2.0,CA. 2343,69.55,,S
325,326.0,1.0,1.0,"Young, Miss. Marie Grice",female,36.0,0.0,0.0,PC 17760,135.6333,C32,C
326,327.0,0.0,3.0,"Nysveen, Mr. Johan Hansen",male,61.0,0.0,0.0,345364,6.2375,,S
327,328.0,1.0,2.0,"Ball, Mrs. (Ada E Hall)",female,36.0,0.0,0.0,28551,13.0,D,S
328,329.0,1.0,3.0,"Goldsmith, Mrs. Frank John (Emily Alice Brown)",female,31.0,1.0,1.0,363291,20.525,,S
329,330.0,1.0,1.0,"Hippach, Miss. Jean Gertrude",female,16.0,0.0,1.0,111361,57.9792,B18,C
330,331.0,1.0,3.0,"McCoy, Miss. Agnes",female,,2.0,0.0,367226,23.25,,Q
331,332.0,0.0,1.0,"Partner, Mr. Austen",male,45.5,0.0,0.0,113043,28.5,C124,S
332,333.0,0.0,1.0,"Graham, Mr. George Edward",male,38.0,0.0,1.0,PC 17582,153.4625,C91,S
333,334.0,0.0,3.0,"Vander Planke, Mr. Leo Edmondus",male,16.0,2.0,0.0,345764,18.0,,S
334,335.0,1.0,1.0,"Frauenthal, Mrs. Henry William (Clara Heinsheimer)",female,,1.0,0.0,PC 17611,133.65,,S
335,336.0,0.0,3.0,"Denkoff, Mr. Mitto",male,,0.0,0.0,349225,7.8958,,S
336,337.0,0.0,1.0,"Pears, Mr. Thomas Clinton",male,29.0,1.0,0.0,113776,66.6,C2,S
337,338.0,1.0,1.0,"Burns, Miss. Elizabeth Margaret",female,41.0,0.0,0.0,16966,134.5,E40,C
338,339.0,1.0,3.0,"Dahl, Mr. Karl Edwart",male,45.0,0.0,0.0,7598,8.05,,S
339,340.0,0.0,1.0,"Blackwell, Mr. Stephen Weart",male,45.0,0.0,0.0,113784,35.5,T,S
340,341.0,1.0,2.0,"Navratil, Master. Edmond Roger",male,2.0,1.0,1.0,230080,26.0,F2,S
341,342.0,1.0,1.0,"Fortune, Miss. Alice Elizabeth",female,24.0,3.0,2.0,19950,263.0,C23 C25 C27,S
342,343.0,0.0,2.0,"Collander, Mr. Erik Gustaf",male,28.0,0.0,0.0,248740,13.0,,S
343,344.0,0.0,2.0,"Sedgwick, Mr. Charles Frederick Waddington",male,25.0,0.0,0.0,244361,13.0,,S
344,345.0,0.0,2.0,"Fox, Mr. Stanley Hubert",male,36.0,0.0,0.0,229236,13.0,,S
345,346.0,1.0,2.0,"Brown, Miss. Amelia ""Mildred""",female,24.0,0.0,0.0,248733,13.0,F33,S
346,347.0,1.0,2.0,"Smith, Miss. Marion Elsie",female,40.0,0.0,0.0,31418,13.0,,S
347,348.0,1.0,3.0,"Davison, Mrs. Thomas Henry (Mary E Finck)",female,,1.0,0.0,386525,16.1,,S
348,349.0,1.0,3.0,"Coutts, Master. William Loch ""William""",male,3.0,1.0,1.0,C.A. 37671,15.9,,S
349,350.0,0.0,3.0,"Dimic, Mr. Jovan",male,42.0,0.0,0.0,315088,8.6625,,S
350,351.0,0.0,3.0,"Odahl, Mr. Nils Martin",male,23.0,0.0,0.0,7267,9.225,,S
351,352.0,0.0,1.0,"Williams-Lambert, Mr. Fletcher Fellows",male,,0.0,0.0,113510,35.0,C128,S
352,353.0,0.0,3.0,"Elias, Mr. Tannous",male,15.0,1.0,1.0,2695,7.2292,,C
353,354.0,0.0,3.0,"Arnold-Franchi, Mr. Josef",male,25.0,1.0,0.0,349237,17.8,,S
354,355.0,0.0,3.0,"Yousif, Mr. Wazli",male,,0.0,0.0,2647,7.225,,C
355,356.0,0.0,3.0,"Vanden Steen, Mr. Leo Peter",male,28.0,0.0,0.0,345783,9.5,,S
356,357.0,1.0,1.0,"Bowerman, Miss. Elsie Edith",female,22.0,0.0,1.0,113505,55.0,E33,S
357,358.0,0.0,2.0,"Funk, Miss. Annie Clemmer",female,38.0,0.0,0.0,237671,13.0,,S
358,359.0,1.0,3.0,"McGovern, Miss. Mary",female,,0.0,0.0,330931,7.8792,,Q
359,360.0,1.0,3.0,"Mockler, Miss. Helen Mary ""Ellie""",female,,0.0,0.0,330980,7.8792,,Q
360,361.0,0.0,3.0,"Skoog, Mr. Wilhelm",male,40.0,1.0,4.0,347088,27.9,,S
361,362.0,0.0,2.0,"del Carlo, Mr. Sebastiano",male,29.0,1.0,0.0,SC/PARIS 2167,27.7208,,C
362,363.0,0.0,3.0,"Barbara, Mrs. (Catherine David)",female,45.0,0.0,1.0,2691,14.4542,,C
363,364.0,0.0,3.0,"Asim, Mr. Adola",male,35.0,0.0,0.0,SOTON/O.Q. 3101310,7.05,,S
364,365.0,0.0,3.0,"O'Brien, Mr. Thomas",male,,1.0,0.0,370365,15.5,,Q
365,366.0,0.0,3.0,"Adahl, Mr. Mauritz Nils Martin",male,30.0,0.0,0.0,C 7076,7.25,,S
366,367.0,1.0,1.0,"Warren, Mrs. Frank Manley (Anna Sophia Atkinson)",female,60.0,1.0,0.0,110813,75.25,D37,C
367,368.0,1.0,3.0,"Moussa, Mrs. (Mantoura Boulos)",female,,0.0,0.0,2626,7.2292,,C
368,369.0,1.0,3.0,"Jermyn, Miss. Annie",female,,0.0,0.0,14313,7.75,,Q
369,370.0,1.0,1.0,"Aubart, Mme. Leontine Pauline",female,24.0,0.0,0.0,PC 17477,69.3,B35,C
370,371.0,1.0,1.0,"Harder, Mr. George Achilles",male,25.0,1.0,0.0,11765,55.4417,E50,C
371,372.0,0.0,3.0,"Wiklund, Mr. Jakob Alfred",male,18.0,1.0,0.0,3101267,6.4958,,S
372,373.0,0.0,3.0,"Beavan, Mr. William Thomas",male,19.0,0.0,0.0,323951,8.05,,S
373,374.0,0.0,1.0,"Ringhini, Mr. Sante",male,22.0,0.0,0.0,PC 17760,135.6333,,C
374,375.0,0.0,3.0,"Palsson, Miss. Stina Viola",female,3.0,3.0,1.0,349909,21.075,,S
375,376.0,1.0,1.0,"Meyer, Mrs. Edgar Joseph (Leila Saks)",female,,1.0,0.0,PC 17604,82.1708,,C
376,377.0,1.0,3.0,"Landergren, Miss. Aurora Adelia",female,22.0,0.0,0.0,C 7077,7.25,,S
377,378.0,0.0,1.0,"Widener, Mr. Harry Elkins",male,27.0,0.0,2.0,113503,211.5,C82,C
378,379.0,0.0,3.0,"Betros, Mr. Tannous",male,20.0,0.0,0.0,2648,4.0125,,C
379,380.0,0.0,3.0,"Gustafsson, Mr. Karl Gideon",male,19.0,0.0,0.0,347069,7.775,,S
380,381.0,1.0,1.0,"Bidois, Miss. Rosalie",female,42.0,0.0,0.0,PC 17757,227.525,,C
381,382.0,1.0,3.0,"Nakid, Miss. Maria (""Mary"")",female,1.0,0.0,2.0,2653,15.7417,,C
382,383.0,0.0,3.0,"Tikkanen, Mr. Juho",male,32.0,0.0,0.0,STON/O 2. 3101293,7.925,,S
383,384.0,1.0,1.0,"Holverson, Mrs. Alexander Oskar (Mary Aline Towner)",female,35.0,1.0,0.0,113789,52.0,,S
384,385.0,0.0,3.0,"Plotcharsky, Mr. Vasil",male,,0.0,0.0,349227,7.8958,,S
385,386.0,0.0,2.0,"Davies, Mr. Charles Henry",male,18.0,0.0,0.0,S.O.C. 14879,73.5,,S
386,387.0,0.0,3.0,"Goodwin, Master. Sidney Leonard",male,1.0,5.0,2.0,CA 2144,46.9,,S
387,388.0,1.0,2.0,"Buss, Miss. Kate",female,36.0,0.0,0.0,27849,13.0,,S
388,389.0,0.0,3.0,"Sadlier, Mr. Matthew",male,,0.0,0.0,367655,7.7292,,Q
389,390.0,1.0,2.0,"Lehmann, Miss. Bertha",female,17.0,0.0,0.0,SC 1748,12.0,,C
390,391.0,1.0,1.0,"Carter, Mr. William Ernest",male,36.0,1.0,2.0,113760,120.0,B96 B98,S
391,392.0,1.0,3.0,"Jansson, Mr. Carl Olof",male,21.0,0.0,0.0,350034,7.7958,,S
392,393.0,0.0,3.0,"Gustafsson, Mr. Johan Birger",male,28.0,2.0,0.0,3101277,7.925,,S
393,394.0,1.0,1.0,"Newell, Miss. Marjorie",female,23.0,1.0,0.0,35273,113.275,D36,C
394,395.0,1.0,3.0,"Sandstrom, Mrs. Hjalmar (Agnes Charlotta Bengtsson)",female,24.0,0.0,2.0,PP 9549,16.7,G6,S
395,396.0,0.0,3.0,"Johansson, Mr. Erik",male,22.0,0.0,0.0,350052,7.7958,,S
396,397.0,0.0,3.0,"Olsson, Miss. Elina",female,31.0,0.0,0.0,350407,7.8542,,S
397,398.0,0.0,2.0,"McKane, Mr. Peter David",male,46.0,0.0,0.0,28403,26.0,,S
398,399.0,0.0,2.0,"Pain, Dr. Alfred",male,23.0,0.0,0.0,244278,10.5,,S
399,400.0,1.0,2.0,"Trout, Mrs. William H (Jessie L)",female,28.0,0.0,0.0,240929,12.65,,S
400,401.0,1.0,3.0,"Niskanen, Mr. Juha",male,39.0,0.0,0.0,STON/O 2. 3101289,7.925,,S
401,402.0,0.0,3.0,"Adams, Mr. John",male,26.0,0.0,0.0,341826,8.05,,S
402,403.0,0.0,3.0,"Jussila, Miss. Mari Aina",female,21.0,1.0,0.0,4137,9.825,,S
403,404.0,0.0,3.0,"Hakkarainen, Mr. Pekka Pietari",male,28.0,1.0,0.0,STON/O2. 3101279,15.85,,S
404,405.0,0.0,3.0,"Oreskovic, Miss. Marija",female,20.0,0.0,0.0,315096,8.6625,,S
405,406.0,0.0,2.0,"Gale, Mr. Shadrach",male,34.0,1.0,0.0,28664,21.0,,S
406,407.0,0.0,3.0,"Widegren, Mr. Carl/Charles Peter",male,51.0,0.0,0.0,347064,7.75,,S
407,408.0,1.0,2.0,"Richards, Master. William Rowe",male,3.0,1.0,1.0,29106,18.75,,S
408,409.0,0.0,3.0,"Birkeland, Mr. Hans Martin Monsen",male,21.0,0.0,0.0,312992,7.775,,S
409,410.0,0.0,3.0,"Lefebre, Miss. Ida",female,,3.0,1.0,4133,25.4667,,S
410,411.0,0.0,3.0,"Sdycoff, Mr. Todor",male,,0.0,0.0,349222,7.8958,,S
411,412.0,0.0,3.0,"Hart, Mr. Henry",male,,0.0,0.0,394140,6.8583,,Q
412,413.0,1.0,1.0,"Minahan, Miss. Daisy E",female,33.0,1.0,0.0,19928,90.0,C78,Q
413,414.0,0.0,2.0,"Cunningham, Mr. Alfred Fleming",male,,0.0,0.0,239853,0.0,,S
414,415.0,1.0,3.0,"Sundman, Mr. Johan Julian",male,44.0,0.0,0.0,STON/O 2. 3101269,7.925,,S
415,416.0,0.0,3.0,"Meek, Mrs. Thomas (Annie Louise Rowley)",female,,0.0,0.0,343095,8.05,,S
416,417.0,1.0,2.0,"Drew, Mrs. James Vivian (Lulu Thorne Christian)",female,34.0,1.0,1.0,28220,32.5,,S
417,418.0,1.0,2.0,"Silven, Miss. Lyyli Karoliina",female,18.0,0.0,2.0,250652,13.0,,S
418,419.0,0.0,2.0,"Matthews, Mr. William John",male,30.0,0.0,0.0,28228,13.0,,S
419,420.0,0.0,3.0,"Van Impe, Miss. Catharina",female,10.0,0.0,2.0,345773,24.15,,S
420,421.0,0.0,3.0,"Gheorgheff, Mr. Stanio",male,,0.0,0.0,349254,7.8958,,C
421,422.0,0.0,3.0,"Charters, Mr. David",male,21.0,0.0,0.0,A/5. 13032,7.7333,,Q
422,423.0,0.0,3.0,"Zimmerman, Mr. Leo",male,29.0,0.0,0.0,315082,7.875,,S
423,424.0,0.0,3.0,"Danbom, Mrs. Ernst Gilbert (Anna Sigrid Maria Brogren)",female,28.0,1.0,1.0,347080,14.4,,S
424,425.0,0.0,3.0,"Rosblom, Mr. Viktor Richard",male,18.0,1.0,1.0,370129,20.2125,,S
425,426.0,0.0,3.0,"Wiseman, Mr. Phillippe",male,,0.0,0.0,A/4. 34244,7.25,,S
426,427.0,1.0,2.0,"Clarke, Mrs. Charles V (Ada Maria Winfield)",female,28.0,1.0,0.0,2003,26.0,,S
427,428.0,1.0,2.0,"Phillips, Miss. Kate Florence (""Mrs Kate Louise Phillips Marshall"")",female,19.0,0.0,0.0,250655,26.0,,S
428,429.0,0.0,3.0,"Flynn, Mr. James",male,,0.0,0.0,364851,7.75,,Q
429,430.0,1.0,3.0,"Pickard, Mr. Berk (Berk Trembisky)",male,32.0,0.0,0.0,SOTON/O.Q. 392078,8.05,E10,S
430,431.0,1.0,1.0,"Bjornstrom-Steffansson, Mr. Mauritz Hakan",male,28.0,0.0,0.0,110564,26.55,C52,S
431,432.0,1.0,3.0,"Thorneycroft, Mrs. Percival (Florence Kate White)",female,,1.0,0.0,376564,16.1,,S
432,433.0,1.0,2.0,"Louch, Mrs. Charles Alexander (Alice Adelaide Slow)",female,42.0,1.0,0.0,SC/AH 3085,26.0,,S
433,434.0,0.0,3.0,"Kallio, Mr. Nikolai Erland",male,17.0,0.0,0.0,STON/O 2. 3101274,7.125,,S
434,435.0,0.0,1.0,"Silvey, Mr. William Baird",male,50.0,1.0,0.0,13507,55.9,E44,S
435,436.0,1.0,1.0,"Carter, Miss. Lucile Polk",female,14.0,1.0,2.0,113760,120.0,B96 B98,S
436,437.0,0.0,3.0,"Ford, Miss. Doolina Margaret ""Daisy""",female,21.0,2.0,2.0,W./C. 6608,34.375,,S
437,438.0,1.0,2.0,"Richards, Mrs. Sidney (Emily Hocking)",female,24.0,2.0,3.0,29106,18.75,,S
438,439.0,0.0,1.0,"Fortune, Mr. Mark",male,64.0,1.0,4.0,19950,263.0,C23 C25 C27,S
439,,,,,,,,,,,,
440,,,,,,,,,,,,
441,,,,,,,,,,,,
442,,,,,,,,,,,,
443,,,,,,,,,,,,
444,,,,,,,,,,,,
445,,,,,,,,,,,,
446,,,,,,,,,,,,
447,,,,,,,,,,,,
448,,,,,,,,,,,,
449,,,,,,,,,,,,
450,,,,,,,,,,,,
451,,,,,,,,,,,,
452,,,,,,,,,,,,
453,,,,,,,,,,,,
454,,,,,,,,,,,,
455,,,,,,,,,,,,
456,,,,,,,,,,,,
457,,,,,,,,,,,,
458,,,,,,,,,,,,
459,,,,,,,,,,,,
460,,,,,,,,,,,,
461,,,,,,,,,,,,
462,,,,,male,47.0,0.0,0.0,111320,38.5,E63,S
463,,,,,male,48.0,0.0,0.0,234360,13.0,,S
464,,,,,male,,0.0,0.0,A/S 2816,8.05,,S
465,,,,,male,38.0,0.0,0.0,SOTON/O.Q. 3101306,7.05,,S
466,,,,,male,,0.0,0.0,239853,0.0,,S
467,,,,,male,56.0,0.0,0.0,113792,26.55,,S
468,,,,,male,,0.0,0.0,36209,7.725,,Q
469,,,,,female,0.75,2.0,1.0,2666,19.2583,,C
470,,,,,male,,0.0,0.0,323592,7.25,,S
471,,,,,male,38.0,0.0,0.0,315089,8.6625,,S
472,,,,,female,33.0,1.0,2.0,C.A. 34651,27.75,,S
473,,,,,female,23.0,0.0,0.0,SC/AH Basle 541,13.7917,D,C
474,,,,,female,22.0,0.0,0.0,7553,9.8375,,S
475,,,,,male,,0.0,0.0,110465,52.0,A14,S
476,,,,,male,34.0,1.0,0.0,31027,21.0,,S
477,,,,,male,29.0,1.0,0.0,3460,7.0458,,S
478,,,,,male,22.0,0.0,0.0,350060,7.5208,,S
479,,,,,female,2.0,0.0,1.0,3101298,12.2875,,S
480,,,,,male,9.0,5.0,2.0,CA 2144,46.9,,S
481,,,,,male,,0.0,0.0,239854,0.0,,S
482,,,,,male,50.0,0.0,0.0,A/5 3594,8.05,,S
483,,,,,female,63.0,0.0,0.0,4134,9.5875,,S
484,,,,,male,25.0,1.0,0.0,11967,91.0792,B49,C
485,,,,,female,,3.0,1.0,4133,25.4667,,S
486,,,,,female,35.0,1.0,0.0,19943,90.0,C93,S
487,,,,,male,58.0,0.0,0.0,11771,29.7,B37,C
488,,,,,male,30.0,0.0,0.0,A.5. 18509,8.05,,S
489,,,,,male,9.0,1.0,1.0,C.A. 37671,15.9,,S
490,,,,,male,,1.0,0.0,65304,19.9667,,S
491,,,,,male,21.0,0.0,0.0,SOTON/OQ 3101317,7.25,,S
492,,,,,male,55.0,0.0,0.0,113787,30.5,C30,S
493,,,,,male,71.0,0.0,0.0,PC 17609,49.5042,,C
494,,,,,male,21.0,0.0,0.0,A/4 45380,8.05,,S
495,,,,,male,,0.0,0.0,2627,14.4583,,C
496,,,,,female,54.0,1.0,0.0,36947,78.2667,D20,C
497,,,,,male,,0.0,0.0,C.A. 6212,15.1,,S
498,,,,,female,25.0,1.0,2.0,113781,151.55,C22 C26,S
499,,,,,male,24.0,0.0,0.0,350035,7.7958,,S
500,,,,,male,17.0,0.0,0.0,315086,8.6625,,S
501,,,,,female,21.0,0.0,0.0,364846,7.75,,Q
502,,,,,female,,0.0,0.0,330909,7.6292,,Q
503,,,,,female,37.0,0.0,0.0,4135,9.5875,,S
504,,,,,female,16.0,0.0,0.0,110152,86.5,B79,S
505,,,,,male,18.0,1.0,0.0,PC 17758,108.9,C65,C
506,,,,,female,33.0,0.0,2.0,26360,26.0,,S
507,,,,,male,,0.0,0.0,111427,26.55,,S
508,,,,,male,28.0,0.0,0.0,C 4001,22.525,,S
509,,,,,male,26.0,0.0,0.0,1601,56.4958,,S
510,,,,,male,29.0,0.0,0.0,382651,7.75,,Q
511,,,,,male,,0.0,0.0,SOTON/OQ 3101316,8.05,,S
512,,,,,male,36.0,0.0,0.0,PC 17473,26.2875,E25,S
513,,,,,female,54.0,1.0,0.0,PC 17603,59.4,,C
514,,,,,male,24.0,0.0,0.0,349209,7.4958,,S
515,,,,,male,47.0,0.0,0.0,36967,34.0208,D46,S
516,,,,,female,34.0,0.0,0.0,C.A. 34260,10.5,F33,S
517,,,,,male,,0.0,0.0,371110,24.15,,Q
518,,,,,female,36.0,1.0,0.0,226875,26.0,,S
519,,,,,male,32.0,0.0,0.0,349242,7.8958,,S
520,,,,,female,30.0,0.0,0.0,12749,93.5,B73,S
521,,,,,male,22.0,0.0,0.0,349252,7.8958,,S
522,,,,,male,,0.0,0.0,2624,7.225,,C
523,,,,,female,44.0,0.0,1.0,111361,57.9792,B18,C
524,,,,,male,,0.0,0.0,2700,7.2292,,C
525,,,,,male,40.5,0.0,0.0,367232,7.75,,Q
526,,,,,female,50.0,0.0,0.0,W./C. 14258,10.5,,S
527,,,,,male,,0.0,0.0,PC 17483,221.7792,C95,S
528,,,,,male,39.0,0.0,0.0,3101296,7.925,,S
529,,,,,male,23.0,2.0,1.0,29104,11.5,,S
530,,,,,female,2.0,1.0,1.0,26360,26.0,,S
531,,,,,male,,0.0,0.0,2641,7.2292,,C
532,,,,,male,17.0,1.0,1.0,2690,7.2292,,C
533,,,,,female,,0.0,2.0,2668,22.3583,,C
534,,,,,female,30.0,0.0,0.0,315084,8.6625,,S
535,,,,,female,7.0,0.0,2.0,F.C.C. 13529,26.25,,S
536,,,,,male,45.0,0.0,0.0,113050,26.55,B38,S
537,,,,,female,30.0,0.0,0.0,PC 17761,106.425,,C
538,,,,,male,,0.0,0.0,364498,14.5,,S
539,,,,,female,22.0,0.0,2.0,13568,49.5,B39,C
540,,,,,female,36.0,0.0,2.0,WE/P 5735,71.0,B22,S
541,,,,,female,9.0,4.0,2.0,347082,31.275,,S
542,,,,,female,11.0,4.0,2.0,347082,31.275,,S
543,,,,,male,32.0,1.0,0.0,2908,26.0,,S
544,,,,,male,50.0,1.0,0.0,PC 17761,106.425,C86,C
545,,,,,male,64.0,0.0,0.0,693,26.0,,S
546,,,,,female,19.0,1.0,0.0,2908,26.0,,S
547,,,,,male,,0.0,0.0,SC/PARIS 2146,13.8625,,C
548,,,,,male,33.0,1.0,1.0,363291,20.525,,S
549,,,,,male,8.0,1.0,1.0,C.A. 33112,36.75,,S
550,,,,,male,17.0,0.0,2.0,17421,110.8833,C70,C
551,,,,,male,27.0,0.0,0.0,244358,26.0,,S
552,,,,,male,,0.0,0.0,330979,7.8292,,Q
553,,,,,male,22.0,0.0,0.0,2620,7.225,,C
554,,,,,female,22.0,0.0,0.0,347085,7.775,,S
555,,,,,male,62.0,0.0,0.0,113807,26.55,,S
556,,,,,female,48.0,1.0,0.0,11755,39.6,A16,C
557,,,,,male,,0.0,0.0,PC 17757,227.525,,C
558,,,,,female,39.0,1.0,1.0,110413,79.65,E67,S
559,,,,,female,36.0,1.0,0.0,345572,17.4,,S
560,,,,,male,,0.0,0.0,372622,7.75,,Q
561,,,,,male,40.0,0.0,0.0,349251,7.8958,,S
562,,,,,male,28.0,0.0,0.0,218629,13.5,,S
563,,,,,male,,0.0,0.0,SOTON/OQ 392082,8.05,,S
564,,,,,female,,0.0,0.0,SOTON/O.Q. 392087,8.05,,S
565,,,,,male,24.0,2.0,0.0,A/4 48871,24.15,,S
566,,,,,male,19.0,0.0,0.0,349205,7.8958,,S
567,,,,,female,29.0,0.0,4.0,349909,21.075,,S
568,,,,,male,,0.0,0.0,2686,7.2292,,C
569,,,,,male,32.0,0.0,0.0,350417,7.8542,,S
570,,,,,male,62.0,0.0,0.0,S.W./PP 752,10.5,,S
571,,,,,female,53.0,2.0,0.0,11769,51.4792,C101,S
572,,,,,male,36.0,0.0,0.0,PC 17474,26.3875,E25,S
573,,,,,female,,0.0,0.0,14312,7.75,,Q
574,,,,,male,16.0,0.0,0.0,A/4. 20589,8.05,,S
575,,,,,male,19.0,0.0,0.0,358585,14.5,,S
576,,,,,female,34.0,0.0,0.0,243880,13.0,,S
577,,,,,female,39.0,1.0,0.0,13507,55.9,E44,S
578,,,,,female,,1.0,0.0,2689,14.4583,,C
579,,,,,male,32.0,0.0,0.0,STON/O 2. 3101286,7.925,,S
580,,,,,female,25.0,1.0,1.0,237789,30.0,,S
581,,,,,female,39.0,1.0,1.0,17421,110.8833,C68,C
582,,,,,male,54.0,0.0,0.0,28403,26.0,,S
583,,,,,male,36.0,0.0,0.0,13049,40.125,A10,C
584,,,,,male,,0.0,0.0,3411,8.7125,,C
585,,,,,female,18.0,0.0,2.0,110413,79.65,E68,S
586,,,,,male,47.0,0.0,0.0,237565,15.0,,S
587,,,,,male,60.0,1.0,1.0,13567,79.2,B41,C
588,,,,,male,22.0,0.0,0.0,14973,8.05,,S
589,,,,,male,,0.0,0.0,A./5. 3235,8.05,,S
590,,,,,male,35.0,0.0,0.0,STON/O 2. 3101273,7.125,,S
591,,,,,female,52.0,1.0,0.0,36947,78.2667,D20,C
592,,,,,male,47.0,0.0,0.0,A/5 3902,7.25,,S
593,,,,,female,,0.0,2.0,364848,7.75,,Q
594,,,,,male,37.0,1.0,0.0,SC/AH 29037,26.0,,S
595,,,,,male,36.0,1.0,1.0,345773,24.15,,S
596,,,,,female,,0.0,0.0,248727,33.0,,S
597,,,,,male,49.0,0.0,0.0,LINE,0.0,,S
598,,,,,male,,0.0,0.0,2664,7.225,,C
599,,,,,male,49.0,1.0,0.0,PC 17485,56.9292,A20,C
600,,,,,female,24.0,2.0,1.0,243847,27.0,,S
601,,,,,male,,0.0,0.0,349214,7.8958,,S
602,,,,,male,,0.0,0.0,113796,42.4,,S
603,,,,,male,44.0,0.0,0.0,364511,8.05,,S
604,,,,,male,35.0,0.0,0.0,111426,26.55,,C
605,,,,,male,36.0,1.0,0.0,349910,15.55,,S
606,,,,,male,30.0,0.0,0.0,349246,7.8958,,S
607,,,,,male,27.0,0.0,0.0,113804,30.5,,S
608,,,,,female,22.0,1.0,2.0,SC/Paris 2123,41.5792,,C
609,,,,,female,40.0,0.0,0.0,PC 17582,153.4625,C125,S
610,,,,,female,39.0,1.0,5.0,347082,31.275,,S
611,,,,,male,,0.0,0.0,SOTON/O.Q. 3101305,7.05,,S
612,,,,,female,,1.0,0.0,367230,15.5,,Q
613,,,,,male,,0.0,0.0,370377,7.75,,Q
614,,,,,male,35.0,0.0,0.0,364512,8.05,,S
615,,,,,female,24.0,1.0,2.0,220845,65.0,,S
616,,,,,male,34.0,1.0,1.0,347080,14.4,,S
617,,,,,female,26.0,1.0,0.0,A/5. 3336,16.1,,S
618,,,,,female,4.0,2.0,1.0,230136,39.0,F4,S
619,,,,,male,26.0,0.0,0.0,31028,10.5,,S
620,,,,,male,27.0,1.0,0.0,2659,14.4542,,C
621,,,,,male,42.0,1.0,0.0,11753,52.5542,D19,S
622,,,,,male,20.0,1.0,1.0,2653,15.7417,,C
623,,,,,male,21.0,0.0,0.0,350029,7.8542,,S
624,,,,,male,21.0,0.0,0.0,54636,16.1,,S
625,,,,,male,61.0,0.0,0.0,36963,32.3208,D50,S
626,,,,,male,57.0,0.0,0.0,219533,12.35,,Q
627,,,,,female,21.0,0.0,0.0,13502,77.9583,D9,S
628,,,,,male,26.0,0.0,0.0,349224,7.8958,,S
629,,,,,male,,0.0,0.0,334912,7.7333,,Q
630,,,,,male,80.0,0.0,0.0,27042,30.0,A23,S
631,,,,,male,51.0,0.0,0.0,347743,7.0542,,S
632,,,,,male,32.0,0.0,0.0,13214,30.5,B50,C
633,,,,,male,,0.0,0.0,112052,0.0,,S
634,,,,,female,9.0,3.0,2.0,347088,27.9,,S
635,,,,,female,28.0,0.0,0.0,237668,13.0,,S
636,,,,,male,32.0,0.0,0.0,STON/O 2. 3101292,7.925,,S
637,,,,,male,31.0,1.0,1.0,C.A. 31921,26.25,,S
638,,,,,female,41.0,0.0,5.0,3101295,39.6875,,S
639,,,,,male,,1.0,0.0,376564,16.1,,S
640,,,,,male,20.0,0.0,0.0,350050,7.8542,,S
641,,,,,female,24.0,0.0,0.0,PC 17477,69.3,B35,C
642,,,,,female,2.0,3.0,2.0,347088,27.9,,S
643,,,,,male,,0.0,0.0,1601,56.4958,,S
644,,,,,female,0.75,2.0,1.0,2666,19.2583,,C
645,,,,,male,48.0,1.0,0.0,PC 17572,76.7292,D33,C
646,,,,,male,19.0,0.0,0.0,349231,7.8958,,S
647,,,,,male,56.0,0.0,0.0,13213,35.5,A26,C
648,,,,,male,,0.0,0.0,S.O./P.P. 751,7.55,,S
649,,,,,female,23.0,0.0,0.0,CA. 2314,7.55,,S
650,,,,,male,,0.0,0.0,349221,7.8958,,S
651,,,,,female,18.0,0.0,1.0,231919,23.0,,S
652,,,,,male,21.0,0.0,0.0,8475,8.4333,,S
653,,,,,female,,0.0,0.0,330919,7.8292,,Q
654,,,,,female,18.0,0.0,0.0,365226,6.75,,Q
655,,,,,male,24.0,2.0,0.0,S.O.C. 14879,73.5,,S
656,,,,,male,,0.0,0.0,349223,7.8958,,S
657,,,,,female,32.0,1.0,1.0,364849,15.5,,Q
658,,,,,male,23.0,0.0,0.0,29751,13.0,,S
659,,,,,male,58.0,0.0,2.0,35273,113.275,D48,C
660,,,,,male,50.0,2.0,0.0,PC 17611,133.65,,S
661,,,,,male,40.0,0.0,0.0,2623,7.225,,C
662,,,,,male,47.0,0.0,0.0,5727,25.5875,E58,S
663,,,,,male,36.0,0.0,0.0,349210,7.4958,,S
664,,,,,male,20.0,1.0,0.0,STON/O 2. 3101285,7.925,,S
665,,,,,male,32.0,2.0,0.0,S.O.C. 14879,73.5,,S
666,,,,,male,25.0,0.0,0.0,234686,13.0,,S
667,,,,,male,,0.0,0.0,312993,7.775,,S
668,,,,,male,43.0,0.0,0.0,A/5 3536,8.05,,S
669,,,,,female,,1.0,0.0,19996,52.0,C126,S
670,,,,,female,40.0,1.0,1.0,29750,39.0,,S
671,,,,,male,31.0,1.0,0.0,F.C. 12750,52.0,B71,S
672,,,,,male,70.0,0.0,0.0,C.A. 24580,10.5,,S
673,,,,,male,31.0,0.0,0.0,244270,13.0,,S
674,,,,,male,,0.0,0.0,239856,0.0,,S
675,,,,,male,18.0,0.0,0.0,349912,7.775,,S
676,,,,,male,24.5,0.0,0.0,342826,8.05,,S
677,,,,,female,18.0,0.0,0.0,4138,9.8417,,S
678,,,,,female,43.0,1.0,6.0,CA 2144,46.9,,S
679,,,,,male,36.0,0.0,1.0,PC 17755,512.3292,B51 B53 B55,C
680,,,,,female,,0.0,0.0,330935,8.1375,,Q
681,,,,,male,27.0,0.0,0.0,PC 17572,76.7292,D49,C
682,,,,,male,20.0,0.0,0.0,6563,9.225,,S
683,,,,,male,14.0,5.0,2.0,CA 2144,46.9,,S
684,,,,,male,60.0,1.0,1.0,29750,39.0,,S
685,,,,,male,25.0,1.0,2.0,SC/Paris 2123,41.5792,,C
686,,,,,male,14.0,4.0,1.0,3101295,39.6875,,S
687,,,,,male,19.0,0.0,0.0,349228,10.1708,,S
688,,,,,male,18.0,0.0,0.0,350036,7.7958,,S
689,,,,,female,15.0,0.0,1.0,24160,211.3375,B5,S
690,,,,,male,31.0,1.0,0.0,17474,57.0,B20,S
691,,,,,female,4.0,0.0,1.0,349256,13.4167,,C
692,,,,,male,,0.0,0.0,1601,56.4958,,S
693,,,,,male,25.0,0.0,0.0,2672,7.225,,C
694,,,,,male,60.0,0.0,0.0,113800,26.55,,S
695,,,,,male,52.0,0.0,0.0,248731,13.5,,S
696,,,,,male,44.0,0.0,0.0,363592,8.05,,S
697,,,,,female,,0.0,0.0,35852,7.7333,,Q
698,,,,,male,49.0,1.0,1.0,17421,110.8833,C68,C
699,,,,,male,42.0,0.0,0.0,348121,7.65,F G63,S
700,,,,,female,18.0,1.0,0.0,PC 17757,227.525,C62 C64,C
701,,,,,male,35.0,0.0,0.0,PC 17475,26.2875,E24,S
702,,,,,female,18.0,0.0,1.0,2691,14.4542,,C
703,,,,,male,25.0,0.0,0.0,36864,7.7417,,Q
704,,,,,male,26.0,1.0,0.0,350025,7.8542,,S
705,,,,,male,39.0,0.0,0.0,250655,26.0,,S
706,,,,,female,45.0,0.0,0.0,223596,13.5,,S
707,,,,,male,42.0,0.0,0.0,PC 17476,26.2875,E24,S
708,,,,,female,22.0,0.0,0.0,113781,151.55,,S
709,,,,,male,,1.0,1.0,2661,15.2458,,C
710,,,,,female,24.0,0.0,0.0,PC 17482,49.5042,C90,C
711,,,,,male,,0.0,0.0,113028,26.55,C124,S
712,,,,,male,48.0,1.0,0.0,19996,52.0,C126,S
713,,,,,male,29.0,0.0,0.0,7545,9.4833,,S
714,,,,,male,52.0,0.0,0.0,250647,13.0,,S
715,,,,,male,19.0,0.0,0.0,348124,7.65,F G73,S
716,,,,,female,38.0,0.0,0.0,PC 17757,227.525,C45,C
717,,,,,female,27.0,0.0,0.0,34218,10.5,E101,S
718,,,,,male,,0.0,0.0,36568,15.5,,Q
719,,,,,male,33.0,0.0,0.0,347062,7.775,,S
720,,,,,female,6.0,0.0,1.0,248727,33.0,,S
721,,,,,male,17.0,1.0,0.0,350048,7.0542,,S
722,,,,,male,34.0,0.0,0.0,12233,13.0,,S
723,,,,,male,50.0,0.0,0.0,250643,13.0,,S
724,,,,,male,27.0,1.0,0.0,113806,53.1,E8,S
725,,,,,male,20.0,0.0,0.0,315094,8.6625,,S
726,,,,,female,30.0,3.0,0.0,31027,21.0,,S
727,,,,,female,,0.0,0.0,36866,7.7375,,Q
728,,,,,male,25.0,1.0,0.0,236853,26.0,,S
729,,,,,female,25.0,1.0,0.0,STON/O2. 3101271,7.925,,S
730,,,,,female,29.0,0.0,0.0,24160,211.3375,B5,S
731,,,,,male,11.0,0.0,0.0,2699,18.7875,,C
732,,,,,male,,0.0,0.0,239855,0.0,,S
733,,,,,male,23.0,0.0,0.0,28425,13.0,,S
734,,,,,male,23.0,0.0,0.0,233639,13.0,,S
735,,,,,male,28.5,0.0,0.0,54636,16.1,,S
736,,,,,female,48.0,1.0,3.0,W./C. 6608,34.375,,S
737,,,,,male,35.0,0.0,0.0,PC 17755,512.3292,B101,C
738,,,,,male,,0.0,0.0,349201,7.8958,,S
739,,,,,male,,0.0,0.0,349218,7.8958,,S
740,,,,,male,,0.0,0.0,16988,30.0,D45,S
741,,,,,male,36.0,1.0,0.0,19877,78.85,C46,S
742,,,,,female,21.0,2.0,2.0,PC 17608,262.375,B57 B59 B63 B66,C
743,,,,,male,24.0,1.0,0.0,376566,16.1,,S
744,,,,,male,31.0,0.0,0.0,STON/O 2. 3101288,7.925,,S
745,,,,,male,70.0,1.0,1.0,WE/P 5735,71.0,B22,S
746,,,,,male,16.0,1.0,1.0,C.A. 2673,20.25,,S
747,,,,,female,30.0,0.0,0.0,250648,13.0,,S
748,,,,,male,19.0,1.0,0.0,113773,53.1,D30,S
749,,,,,male,31.0,0.0,0.0,335097,7.75,,Q
750,,,,,female,4.0,1.0,1.0,29103,23.0,,S
751,,,,,male,6.0,0.0,1.0,392096,12.475,E121,S
752,,,,,male,33.0,0.0,0.0,345780,9.5,,S
753,,,,,male,23.0,0.0,0.0,349204,7.8958,,S
754,,,,,female,48.0,1.0,2.0,220845,65.0,,S
755,,,,,male,0.67,1.0,1.0,250649,14.5,,S
756,,,,,male,28.0,0.0,0.0,350042,7.7958,,S
757,,,,,male,18.0,0.0,0.0,29108,11.5,,S
758,,,,,male,34.0,0.0,0.0,363294,8.05,,S
759,,,,,female,33.0,0.0,0.0,110152,86.5,B77,S
760,,,,,male,,0.0,0.0,358585,14.5,,S
761,,,,,male,41.0,0.0,0.0,SOTON/O2 3101272,7.125,,S
762,,,,,male,20.0,0.0,0.0,2663,7.2292,,C
763,,,,,female,36.0,1.0,2.0,113760,120.0,B96 B98,S
764,,,,,male,16.0,0.0,0.0,347074,7.775,,S
765,,,,,female,51.0,1.0,0.0,13502,77.9583,D11,S
766,,,,,male,,0.0,0.0,112379,39.6,,C
767,,,,,female,30.5,0.0,0.0,364850,7.75,,Q
768,,,,,male,,1.0,0.0,371110,24.15,,Q
769,,,,,male,32.0,0.0,0.0,8471,8.3625,,S
770,,,,,male,24.0,0.0,0.0,345781,9.5,,S
771,,,,,male,48.0,0.0,0.0,350047,7.8542,,S
772,,,,,female,57.0,0.0,0.0,S.O./P.P. 3,10.5,E77,S
773,,,,,male,,0.0,0.0,2674,7.225,,C
774,,,,,female,54.0,1.0,3.0,29105,23.0,,S
775,,,,,male,18.0,0.0,0.0,347078,7.75,,S
776,,,,,male,,0.0,0.0,383121,7.75,F38,Q
777,,,,,female,5.0,0.0,0.0,364516,12.475,,S
778,,,,,male,,0.0,0.0,36865,7.7375,,Q
779,,,,,female,43.0,0.0,1.0,24160,211.3375,B3,S
780,,,,,female,13.0,0.0,0.0,2687,7.2292,,C
781,,,,,female,17.0,1.0,0.0,17474,57.0,B20,S
782,,,,,male,29.0,0.0,0.0,113501,30.0,D6,S
783,,,,,male,,1.0,2.0,W./C. 6607,23.45,,S
784,,,,,male,25.0,0.0,0.0,SOTON/O.Q. 3101312,7.05,,S
785,,,,,male,25.0,0.0,0.0,374887,7.25,,S
786,,,,,female,18.0,0.0,0.0,3101265,7.4958,,S
787,,,,,male,8.0,4.0,1.0,382652,29.125,,Q
788,,,,,male,1.0,1.0,2.0,C.A. 2315,20.575,,S
789,,,,,male,46.0,0.0,0.0,PC 17593,79.2,B82 B84,C
790,,,,,male,,0.0,0.0,12460,7.75,,Q
791,,,,,male,16.0,0.0,0.0,239865,26.0,,S
792,,,,,female,,8.0,2.0,CA. 2343,69.55,,S
793,,,,,male,,0.0,0.0,PC 17600,30.6958,,C
794,,,,,male,25.0,0.0,0.0,349203,7.8958,,S
795,,,,,male,39.0,0.0,0.0,28213,13.0,,S
796,,,,,female,49.0,0.0,0.0,17465,25.9292,D17,S
797,,,,,female,31.0,0.0,0.0,349244,8.6833,,S
798,,,,,male,30.0,0.0,0.0,2685,7.2292,,C
799,,,,,female,30.0,1.0,1.0,345773,24.15,,S
800,,,,,male,34.0,0.0,0.0,250647,13.0,,S
801,,,,,female,31.0,1.0,1.0,C.A. 31921,26.25,,S
802,,,,,male,11.0,1.0,2.0,113760,120.0,B96 B98,S
803,,,,,male,0.42,0.0,1.0,2625,8.5167,,C
804,,,,,male,27.0,0.0,0.0,347089,6.975,,S
805,,,,,male,31.0,0.0,0.0,347063,7.775,,S
806,,,,,male,39.0,0.0,0.0,112050,0.0,A36,S
807,,,,,female,18.0,0.0,0.0,347087,7.775,,S
808,,,,,male,39.0,0.0,0.0,248723,13.0,,S
809,,,,,female,33.0,1.0,0.0,113806,53.1,E8,S
810,,,,,male,26.0,0.0,0.0,3474,7.8875,,S
811,,,,,male,39.0,0.0,0.0,A/4 48871,24.15,,S
812,,,,,male,35.0,0.0,0.0,28206,10.5,,S
813,,,,,female,6.0,4.0,2.0,347082,31.275,,S
814,,,,,male,30.5,0.0,0.0,364499,8.05,,S
815,,,,,male,,0.0,0.0,112058,0.0,B102,S
816,,,,,female,23.0,0.0,0.0,STON/O2. 3101290,7.925,,S
817,,,,,male,31.0,1.0,1.0,S.C./PARIS 2079,37.0042,,C
818,,,,,male,43.0,0.0,0.0,C 7075,6.45,,S
819,,,,,male,10.0,3.0,2.0,347088,27.9,,S
820,,,,,female,52.0,1.0,1.0,12749,93.5,B69,S
821,,,,,male,27.0,0.0,0.0,315098,8.6625,,S
822,,,,,male,38.0,0.0,0.0,19972,0.0,,S
823,,,,,female,27.0,0.0,1.0,392096,12.475,E121,S
824,,,,,male,2.0,4.0,1.0,3101295,39.6875,,S
825,,,,,male,,0.0,0.0,368323,6.95,,Q
826,,,,,male,,0.0,0.0,1601,56.4958,,S
827,,,,,male,1.0,0.0,2.0,S.C./PARIS 2079,37.0042,,C
828,,,,,male,,0.0,0.0,367228,7.75,,Q
829,,,,,female,62.0,0.0,0.0,113572,80.0,B28,
830,,,,,female,15.0,1.0,0.0,2659,14.4542,,C
831,,,,,male,0.83,1.0,1.0,29106,18.75,,S
832,,,,,male,,0.0,0.0,2671,7.2292,,C
833,,,,,male,23.0,0.0,0.0,347468,7.8542,,S
834,,,,,male,18.0,0.0,0.0,2223,8.3,,S
835,,,,,female,39.0,1.0,1.0,PC 17756,83.1583,E49,C
836,,,,,male,21.0,0.0,0.0,315097,8.6625,,S
837,,,,,male,,0.0,0.0,392092,8.05,,S
838,,,,,male,32.0,0.0,0.0,1601,56.4958,,S
839,,,,,male,,0.0,0.0,11774,29.7,C47,C
840,,,,,male,20.0,0.0,0.0,SOTON/O2 3101287,7.925,,S
841,,,,,male,16.0,0.0,0.0,S.O./P.P. 3,10.5,,S
842,,,,,female,30.0,0.0,0.0,113798,31.0,,C
843,,,,,male,34.5,0.0,0.0,2683,6.4375,,C
844,,,,,male,17.0,0.0,0.0,315090,8.6625,,S
845,,,,,male,42.0,0.0,0.0,C.A. 5547,7.55,,S
846,,,,,male,,8.0,2.0,CA. 2343,69.55,,S
847,,,,,male,35.0,0.0,0.0,349213,7.8958,,C
848,,,,,male,28.0,0.0,1.0,248727,33.0,,S
849,,,,,female,,1.0,0.0,17453,89.1042,C92,C
850,,,,,male,4.0,4.0,2.0,347082,31.275,,S
851,,,,,male,74.0,0.0,0.0,347060,7.775,,S
852,,,,,female,9.0,1.0,1.0,2678,15.2458,,C
853,,,,,female,16.0,0.0,1.0,PC 17592,39.4,D28,S
854,,,,,female,44.0,1.0,0.0,244252,26.0,,S
855,,,,,female,18.0,0.0,1.0,392091,9.35,,S
856,,,,,female,45.0,1.0,1.0,36928,164.8667,,S
857,,,,,male,51.0,0.0,0.0,113055,26.55,E17,S
858,,,,,female,24.0,0.0,3.0,2666,19.2583,,C
859,,,,,male,,0.0,0.0,2629,7.2292,,C
860,,,,,male,41.0,2.0,0.0,350026,14.1083,,S
861,,,,,male,21.0,1.0,0.0,28134,11.5,,S
862,,,,,female,48.0,0.0,0.0,17466,25.9292,D17,S
863,,,,,female,,8.0,2.0,CA. 2343,69.55,,S
864,,,,,male,24.0,0.0,0.0,233866,13.0,,S
865,,,,,female,42.0,0.0,0.0,236852,13.0,,S
866,,,,,female,27.0,1.0,0.0,SC/PARIS 2149,13.8583,,C
867,,,,,male,31.0,0.0,0.0,PC 17590,50.4958,A24,S
868,,,,,male,,0.0,0.0,345777,9.5,,S
869,,,,,male,4.0,1.0,1.0,347742,11.1333,,S
870,,,,,male,26.0,0.0,0.0,349248,7.8958,,S
871,,,,,female,47.0,1.0,1.0,11751,52.5542,D35,S
872,,,,,male,33.0,0.0,0.0,695,5.0,B51 B53 B55,S
873,,,,,male,47.0,0.0,0.0,345765,9.0,,S
874,,,,,female,28.0,1.0,0.0,P/PP 3381,24.0,,C
875,,,,,female,15.0,0.0,0.0,2667,7.225,,C
876,,,,,male,20.0,0.0,0.0,7534,9.8458,,S
877,,,,,male,19.0,0.0,0.0,349212,7.8958,,S
878,,,,,male,,0.0,0.0,349217,7.8958,,S
879,,,,,female,56.0,0.0,1.0,11767,83.1583,C50,C
880,,,,,female,25.0,0.0,1.0,230433,26.0,,S
881,,,,,male,33.0,0.0,0.0,349257,7.8958,,S
882,,,,,female,22.0,0.0,0.0,7552,10.5167,,S
883,,,,,male,28.0,0.0,0.0,C.A./SOTON 34068,10.5,,S
884,,,,,male,25.0,0.0,0.0,SOTON/OQ 392076,7.05,,S
885,,,,,female,39.0,0.0,5.0,382652,29.125,,Q
886,,,,,male,27.0,0.0,0.0,211536,13.0,,S
887,,,,,female,19.0,0.0,0.0,112053,30.0,B42,S
888,,,,,female,,1.0,2.0,W./C. 6607,23.45,,S
889,,,,,male,26.0,0.0,0.0,111369,30.0,C148,C
890,,,,,male,32.0,0.0,0.0,370376,7.75,,Q
